<?xml version="1.0" encoding="UTF-8" ?>
<XMLDB PATH="local/digitalsignature/db" VERSION="2018090900" COMMENT="XMLDB file for Moodle local/digitalsignature"
       xmlns:xsi="http://www.w3.org/2001/XMLSchema-instance"
       xsi:noNamespaceSchemaLocation="../../../lib/xmldb/xmldb.xsd"
>
    <TABLES>
        <TABLE NAME="digitalsignature_webservice" COMMENT="Default comment for digitalsignature, please edit me">
            <FIELDS>
                <FIELD NAME="id" TYPE="int" LENGTH="10" NOTNULL="true" UNSIGNED="true" SEQUENCE="true"/>
                <FIELD NAME="course" TYPE="int" LENGTH="10" NOTNULL="true" UNSIGNED="true" SEQUENCE="false" COMMENT="Course digitalsignature activity belongs to"/>
                <FIELD NAME="name" TYPE="char" LENGTH="255" NOTNULL="true" SEQUENCE="false" COMMENT="name field for moodle instances"/>
                <FIELD NAME="intro" TYPE="text" NOTNULL="true" SEQUENCE="false" COMMENT="General introduction of the digitalsignature activity"/>
                <FIELD NAME="introformat" TYPE="int" LENGTH="4" NOTNULL="true" UNSIGNED="true" DEFAULT="0" SEQUENCE="false"
                       COMMENT="Format of the intro field (MOODLE, HTML, MARKDOWN...)"/>
                <FIELD NAME="timecreated" TYPE="int" LENGTH="10" NOTNULL="true" UNSIGNED="true" SEQUENCE="false"/>
                <FIELD NAME="timemodified" TYPE="int" LENGTH="10" NOTNULL="true" UNSIGNED="true" DEFAULT="0" SEQUENCE="false"/>
                <FIELD NAME="grade" TYPE="int" LENGTH="10" NOTNULL="true" DEFAULT="100" SEQUENCE="false"
                       COMMENT="The maximum grade. Can be negative to indicate the use of a scale."/>
            </FIELDS>
            <KEYS>
                <KEY NAME="primary" TYPE="primary" FIELDS="id"/>
            </KEYS>
            <INDEXES>
                <INDEX NAME="course" UNIQUE="false" FIELDS="course"/>
            </INDEXES>
        </TABLE>
        <TABLE NAME="recipientdata" COMMENT="Default comment">
               <FIELDS>
                   <FIELD NAME="id" TYPE="int" LENGTH="10" NOTNULL="true" UNSIGNED="true" SEQUENCE="true"/>
                   <FIELD NAME="firstname" TYPE="char" LENGTH="255" NOTNULL="true" SEQUENCE="false" COMMENT="first name of a recipient"/>
                   <FIELD NAME="lastname" TYPE="char" LENGTH="255" NOTNULL="true" SEQUENCE="false" COMMENT="last name of a recipient"/>
                   <FIELD NAME="email" TYPE="char" LENGTH="255" NOTNULL="true" SEQUENCE="false" COMMENT="e-mail adress of the recipient"/>
                   <FIELD NAME="envelopeid" TYPE="char" LENGTH="255" NOTNULL="true" SEQUENCE="false" COMMENT="envelopeid returned from Docu-Sign"/>
                   <FIELD NAME="returnurl" TYPE="char" LENGTH="255" NOTNULL="true" SEQUENCE="false" COMMENT="returnUrl after Document has been signed"/>
               </FIELDS>
                <KEYS>
                    <KEY NAME="primary" TYPE="primary" FIELDS="id"/>
                </KEYS>
        </TABLE>
    </TABLES>
</XMLDB>
